,feat_num,feat_type,has_categorical,has_missing,is_sparse,label_num,metric,name,target_num,target_type,task,test_num,time_budget,train_num,usage,valid_num,ClassEntropy,ClassOccurences,ClassProbabilityMax,ClassProbabilityMean,ClassProbabilityMin,ClassProbabilitySTD,DatasetRatio,InverseDatasetRatio,KurtosisMax,KurtosisMean,KurtosisMin,KurtosisSTD,Kurtosisses,Landmark1NN,LandmarkDecisionNodeLearner,LandmarkDecisionTree,LandmarkLDA,LandmarkNaiveBayes,LandmarkRandomNodeLearner,LandmarkWorstNodeLearner,LogDatasetRatio,LogInverseDatasetRatio,LogNumberOfFeatures,LogNumberOfInstances,MissingValues,NumSymbols,NumberOfCategoricalFeatures,NumberOfClasses,NumberOfFeatures,NumberOfFeaturesWithMissingValues,NumberOfInstances,NumberOfInstancesWithMissingValues,NumberOfMissingValues,NumberOfNumericFeatures,PCA,PCAFractionOfComponentsFor95PercentVariance,PCAKurtosisFirstPC,PCASkewnessFirstPC,PercentageOfFeaturesWithMissingValues,PercentageOfInstancesWithMissingValues,PercentageOfMissingValues,RatioNominalToNumerical,RatioNumericalToNominal,SkewnessMax,SkewnessMean,SkewnessMin,SkewnessSTD,Skewnesses,SymbolsMax,SymbolsMean,SymbolsMin,SymbolsSTD,SymbolsSum,BAYESIAN,DECISIONTREE,KNN,RANDOMFOREST,RIDGEREGRESSION,BAYESIAN_std,DECISIONTREE_std,KNN_std,RANDOMFOREST_std,RIDGEREGRESSION_std,BAYESIAN,DECISIONTREE,KNN,RANDOMFOREST,RIDGEREGRESSION,BAYESIAN_std,DECISIONTREE_std,KNN_std,RANDOMFOREST_std,RIDGEREGRESSION_std,aad_freiburg_global,aad_freiburg_timebudget,abhishek,djajetic,lise_sun,postech,aad_freiburg_global_std,aad_freiburg_timebudget_std,abhishek_std,djajetic_std,lise_sun_std,postech_std
ADULT,24,'Mixed',1,1,0,3,'f1_metric','adult',3,'Binary','multilabel.classification',9768,300.0,34190,'AutoML challenge 2014',4884,0.769817307809,,0.854255630301,0.5,0.145744369699,0.261109486205,0.000701959637321,1424.58333333,34185.0051293,812.526622814,-1.97310784312,3309.6552217,,0.423925124305,0.435214975139,0.504825972507,0.597104416496,0.0853465925709,0.402895583504,,-7.26163465229,7.26163465229,3.17805383035,10.4396884826,,,13.0,2.0,24.0,6.0,34190.0,6559.0,9035.0,11.0,,0.864253393665,-1.0332,-0.0709185451269,0.25,0.191839719216,0.0110107731305,1.18181818182,0.846153846154,184.897277832,17.3299585449,-2.62190008163,22.6704880171,,41.0,15.6923076923,6.0,11.4581822655,204.0,0.6915,0.7331,0.6628,0.7825,0.7483,0.0101,0.0108,0.0096,0.0103,0.0092,,0.7952,0.7855,0.8109,,,0.008,0.0086,0.0076,,0.8217,0.8069,0.8137,0.81,0.7955,0.7923,0.0069,0.0085,0.0078,0.0081,0.0087,0.0073
CADATA,16,'Numerical',0,0,0,0,'r2_metric','cadata',1,'Numerical','regression',10640,200.0,5000,'AutoML challenge 2014',5000,10.6509031681,,0.046,0.00041203131438,0.0002,0.000999144398213,0.0032,312.5,27.704445503,8.82549614803,-1.3707080433,10.9314225994,,0.0717814353823,0.233593410619,0.111642426439,0.137189664055,0.108115104395,0.233593410619,,-5.74460446918,5.74460446918,2.77258872224,8.51719319142,,,0.0,2427.0,16.0,0.0,5000.0,0.0,0.0,16.0,,0.75,16.6068,-3.09246492386,0.0,0.0,0.0,0.0,0.0,3.98480629921,1.59553379286,-0.333512157202,1.68844500368,,0.0,0.0,0.0,0.0,0.0,0.6234,0.4816,0.0798,0.7298,0.6233,0.0295,0.0368,0.028,0.0168,0.0365,,0.7422,0.7524,0.7845,0.694,,0.0169,0.0165,0.0177,0.0213,0.791,0.7462,0.7546,0.7748,0.7839,0.623,0.0167,0.0189,0.0195,0.016,0.0164,0.0193
DIGITS,1568,'Numerical',0,0,0,10,'bac_metric','digits',10,'Categorical','multiclass.classification',35000,300.0,15000,'AutoML challenge 2014',20000,3.31789629625,,0.119066666667,0.1,0.0896,0.00759198407679,0.104533333333,9.56632653061,14995.0030508,246.80578167,-1.40826121819,974.471330469,,0.843002966917,0.214465613876,0.845672749446,0.856401293392,0.623792447018,0.189268777708,,-2.25824927917,2.25824927917,7.35755620091,9.61580548008,,,0.0,10.0,1568.0,0.0,15000.0,0.0,0.0,1568.0,,0.484693877551,0.723397,-0.960789740086,0.0,0.0,0.0,0.0,0.0,122.462257385,7.13525078102,-0.815398097038,12.1859273066,,0.0,0.0,0.0,0.0,0.0,0.2793,,,0.9222,0.8276,0.0066,,,0.005,0.0066,,0.0,0.103,0.0,,,0.0,0.0066,0.0,,0.9552,0.9189,0.8425,0.8135,0.9456,0.9473,0.0037,0.0045,0.0071,0.0058,0.0034,0.0036
DOROTHEA,100000,'Binary',0,0,1,2,'auc_metric','dorothea',1,'Binary','binary.classification',800,100.0,800,'AutoML challenge 2014',350,0.46102031167,,0.9025,0.5,0.0975,0.4025,125.0,0.008,-3.0,-3.0,-3.0,0.0,,0.906259571808,,,,,,,4.8283137373,-4.8283137373,11.512925465,6.68461172767,,,0.0,2.0,100000.0,0.0,800.0,0.0,0.0,100000.0,,,,,0.0,0.0,0.0,0.0,0.0,0.0,0.0,0.0,0.0,,0.0,0.0,0.0,0.0,0.0,0.0243,0.4799,0.0128,0.4605,0.2124,0.0594,0.1979,0.0377,0.1925,0.1529,,0.482,0.4252,0.0,,,0.1948,0.1459,0.0,,0.8217,0.0928,0.6185,0.8144,0.8023,0.7559,0.1646,0.1682,0.167,0.1395,0.1468,0.1631
NEWSGROUPS,61188,'Numerical',0,0,1,20,'pac_metric','newsgroups',20,'Numerical','multiclass.classification',3755,300.0,13142,'AutoML challenge 2014',1877,4.31442728395,,0.0552427332217,0.05,0.0330238928626,0.00488418256078,4.65591234211,0.21478067595,1288.69341762,1.71568942836,-3.0,18.2992294717,,0.286451391011,,,,,,,1.53813788339,-1.53813788339,11.0217063708,9.48356848746,,,0.0,20.0,61188.0,0.0,13142.0,0.0,0.0,61188.0,,,,,0.0,0.0,0.0,0.0,0.0,28.6194496155,0.872206837617,-3.17542648315,1.67171185828,,0.0,0.0,0.0,0.0,0.0,,-0.0532,-0.0532,-0.0525,,,0.0006,0.0005,0.0009,,,-0.0532,-0.0532,-0.0532,,,0.0005,0.0005,0.0006,,0.4635,-0.014,0.5346,0.5915,,0.2765,0.0242,0.013,0.0383,0.0323,,0.02
CHRISTINE,1636,'Numerical',0,0,0,2,'bac_metric','christine',1,'Binary','binary.classification',2084,1200.0,5418,'AutoML challenge 2015',834,1.0,,0.5,0.5,0.5,0.0,0.301956441491,3.31173594132,5413.00391543,38.4890523289,-3.0,335.740668204,,0.653560202269,0.637878912122,0.624762197622,0.695453054531,0.672574825748,0.502028836955,,-1.19747250548,1.19747250548,7.40000951716,8.59748202265,,,0.0,2.0,1636.0,0.0,5418.0,0.0,0.0,1636.0,,0.494498777506,-0.083992,-0.188598841429,0.0,0.0,0.0,0.0,0.0,73.5867233276,1.20156850406,-73.5867233276,5.47942378988,,0.0,0.0,0.0,0.0,0.0,0.357,0.2831,0.3877,0.406,0.4395,0.0537,0.0586,0.057,0.0601,0.0569,,0.4251,0.4674,0.4933,,,0.0639,0.0554,0.0555,,0.5173,0.4453,0.4722,0.4808,0.4616,0.4626,0.0537,0.0594,0.0543,0.0471,0.0519,0.0605
JASMINE,144,'Numerical',0,0,0,2,'bac_metric','jasmine',1,'Binary','binary.classification',1756,1200.0,2984,'AutoML challenge 2015',526,1.0,,0.5,0.5,0.5,0.0,0.0482573726542,20.7222222222,2979.00235031,60.925485424,-1.99697716667,285.936265229,,0.72555033557,0.762749440716,0.739995525727,0.791257270694,0.648465324385,0.506715883669,,-3.03120666175,3.03120666175,4.96981329958,8.00101996132,,,0.0,2.0,144.0,0.0,2984.0,0.0,0.0,144.0,,0.729166666667,-0.573945,0.298466414213,0.0,0.0,0.0,0.0,0.0,54.5985679626,4.3541342072,-1.04127049446,6.60973443853,,0.0,0.0,0.0,0.0,0.0,0.3292,0.4795,0.5421,0.5649,0.5547,0.0594,0.0562,0.0583,0.0586,0.0524,,0.6173,0.6196,0.6264,,,0.0596,0.0521,0.058,,0.6458,0.6276,0.5547,0.6048,0.6207,0.6344,0.0526,0.055,0.0517,0.0555,0.0503,0.0526
MADELINE,259,'Numerical',0,0,0,2,'bac_metric','madeline',1,'Binary','binary.classification',3240,1200.0,3140,'AutoML challenge 2015',1080,0.9999762954,,0.502866242038,0.5,0.497133757962,0.00286624203822,0.0824840764331,12.1235521236,0.473121516169,0.0600160574793,-0.963374783279,0.238233774851,,0.561783546084,0.619735316225,0.755101142388,0.573541703611,0.602862388533,0.50000000323,,-2.4951500172,2.4951500172,5.5568280617,8.0519780789,,,0.0,2.0,259.0,0.0,3140.0,0.0,0.0,259.0,,0.864864864865,-0.453039,-0.0218693073839,0.0,0.0,0.0,0.0,0.0,0.190184146166,0.0340020531645,-0.120105735958,0.053355917578,,0.0,0.0,0.0,0.0,0.0,0.1696,0.5858,0.5663,0.441,0.1264,0.0524,0.0396,0.0447,0.0434,0.0495,,0.7174,0.811,0.7629,,,0.0352,0.0316,0.0345,,0.8167,0.7253,0.5355,0.6472,0.526,0.7587,0.0334,0.0383,0.0426,0.0374,0.0421,0.0346
PHILIPPINE,308,'Numerical',0,0,0,2,'bac_metric','philippine',1,'Binary','binary.classification',4664,1200.0,5832,'AutoML challenge 2015',1166,1.0,,0.5,0.5,0.5,0.0,0.0528120713306,18.9350649351,4251.74561873,102.275994737,-1.25821972677,421.982526222,,0.660660570541,0.727018311915,0.698025231841,0.722562726545,0.6889604811,0.610087440569,,-2.94101549071,2.94101549071,5.73009978297,8.67111527369,,,0.0,2.0,308.0,0.0,5832.0,0.0,0.0,308.0,,0.571428571429,-0.835531,-0.479769706726,0.0,0.0,0.0,0.0,0.0,62.1168708801,2.72258808534,-7.70452928543,7.44430453735,,0.0,0.0,0.0,0.0,0.0,0.3623,0.4417,0.2333,0.4481,0.4383,0.0351,0.0315,0.0417,0.0378,0.0422,,0.5416,0.5635,0.5935,,,0.0401,0.0358,0.036,,0.6334,0.6231,0.5244,0.5086,0.5026,0.5613,0.0333,0.0304,0.0376,0.0372,0.0357,0.0374
SYLVINE,20,'Numerical',0,0,0,2,'bac_metric','sylvine',1,'Binary','binary.classification',10244,1200.0,5124,'AutoML challenge 2015',5124,1.0,,0.5,0.5,0.5,0.0,0.00390320062451,256.2,4.51685473088,0.92945840676,-1.22466345715,1.4881658465,,0.770110347763,0.909644029669,0.909252644698,0.884865941148,0.891299854086,0.555423151751,,-5.54595838946,5.54595838946,2.99573227355,8.54169066302,,,0.0,2.0,20.0,0.0,5124.0,0.0,0.0,20.0,,0.85,-0.332747,-0.214355915785,0.0,0.0,0.0,0.0,0.0,1.7616289854,0.108215172589,-1.16845297813,0.980936429521,,0.0,0.0,0.0,0.0,0.0,0.7829,0.8217,0.5195,0.8606,0.7622,0.019,0.0165,0.0215,0.0163,0.0183,,0.8663,0.9192,0.8955,,,0.013,0.0113,0.0135,,0.9063,0.8872,0.8934,0.8873,0.8721,0.8846,0.0129,0.0152,0.0124,0.0131,0.014,0.0147
ALBERT,78,'Numerical',1,1,0,2,'f1_metric','albert',1,'Categorical','binary.classification',51048,1200.0,425240,'AutoML challenge 2014',25526,1.0,,0.5,0.5,0.5,0.0,0.000183425830119,5451.79487179,6890.7224775,-2.97708507946,-3.0,9.05712820316,,,,,,,,,-8.60370016771,8.60370016771,4.35670882669,12.9604089944,,,0.0,2.0,78.0,45.0,425240.0,425239.0,4522756.0,78.0,,,,,0.576923076923,0.999997648387,0.136356060771,0.0,0.0,74.2632751465,0.000376530722933,0.0,0.104675826632,,0.0,0.0,0.0,0.0,0.0,-0.2802,0.1651,0.112,0.1882,0.2656,0.0195,0.0138,0.0159,0.0169,0.0146,,0.2942,-1.0,-1.0,,,0.0143,0.0,0.0,,0.3643,0.3333,0.3219,0.3619,0.3437,0.3173,0.0149,0.0123,0.0131,0.0167,0.0151,0.0158
DILBERT,2000,'Numerical',0,0,0,5,'pac_metric','dilbert',5,'Categorical','multiclass.classification',9720,1200.0,10000,'AutoML challenge 2014',4860,2.32148363409,,0.2049,0.2,0.1913,0.00494893928029,0.2,5.0,74.4139808119,5.51332029337,-0.841772609149,7.74373465976,,0.966098706957,0.355200493137,0.804890841124,0.944998849133,0.589600542793,0.304494750245,,-1.60943791243,1.60943791243,7.60090245954,9.21034037198,,,0.0,5.0,2000.0,0.0,10000.0,0.0,0.0,2000.0,,0.185,0.45815,-0.581467688084,0.0,0.0,0.0,0.0,0.0,6.17907714844,1.66251668128,0.259144961834,1.0014435631,,0.0,0.0,0.0,0.0,0.0,-0.25,-0.2492,,0.0528,-0.1049,0.0004,0.0006,,0.0671,0.0372,,-0.0626,0.4914,0.2904,,,0.0437,0.094,0.0918,,0.95,0.7683,0.5914,0.7537,0.2642,0.7496,0.007,0.0086,0.0174,0.0114,0.0778,0.0088
FABERT,800,'Numerical',0,0,0,7,'pac_metric','fabert',7,'Categorical','multiclass.classification',2354,1200.0,8237,'AutoML challenge 2014',1177,2.70462835829,,0.233944397232,0.142857142857,0.0609445186354,0.0532968620336,0.0971227388612,10.29625,8232.00097352,412.69446854,-3.0,843.613601093,,0.593655357308,0.268065919106,0.65460424716,0.700149339942,0.499949531567,0.233944998021,,-2.33177975127,2.33177975127,6.68461172767,9.01639147894,,,0.0,7.0,800.0,0.0,8237.0,0.0,0.0,800.0,,0.845,16.7042,3.35526514053,0.0,0.0,0.0,0.0,0.0,90.7414016724,16.8690755254,0.0,10.1780681347,,0.0,0.0,0.0,0.0,0.0,-0.181,-0.181,-0.181,-0.181,-0.181,0.005,0.0046,0.0052,0.0051,0.0054,,-0.181,-0.181,-0.181,,,0.0051,0.0043,0.0049,,0.3519,0.2877,0.2969,0.3259,,0.2768,0.035,0.0225,0.0377,0.028,,0.0712
ROBERT,7200,'Numerical',0,0,0,10,'bac_metric','robert',10,'Binary','multiclass.classification',5000,1200.0,10000,'AutoML challenge 2014',2000,3.32143125807,,0.1043,0.1,0.0958,0.00262754638399,0.72,1.38888888889,,,,,,,,,,,,,-0.328504066972,0.328504066972,8.881836305,9.21034037198,,,0.0,10.0,7200.0,0.0,10000.0,0.0,0.0,7200.0,,,,,0.0,0.0,0.0,0.0,0.0,,,,,,0.0,0.0,0.0,0.0,0.0,0.1643,,,0.2796,0.1449,0.0186,,,0.0207,0.0199,,,,,,,,,,,0.439,0.3856,0.3025,0.3087,0.3986,0.3421,0.0214,0.0254,0.025,0.0215,0.023,0.0249
VOLKERT,180,'Numerical',0,0,0,10,'pac_metric','volkert',10,'Categorical','multiclass.classification',7000,1200.0,58310,'AutoML challenge 2014',3500,2.96127966514,,0.219619276282,0.1,0.0233407648774,0.0697975528345,0.00308694906534,323.944444444,1338.85001879,38.5765584584,-3.0,128.285143465,,0.65851490302,0.386022928906,0.534023314474,0.541537828114,0.316480328802,0.254073342356,,-5.78057203333,5.78057203333,5.19295685089,10.9735288842,,,0.0,10.0,180.0,0.0,58310.0,0.0,0.0,180.0,,0.383333333333,-0.440507,0.492408126593,0.0,0.0,0.0,0.0,0.0,28.8334293365,2.59194875891,-1.38847768307,4.45305645193,,0.0,0.0,0.0,0.0,0.0,-0.1496,-0.1496,-0.1496,-0.1496,-0.1496,0.0039,0.0035,0.0037,0.0034,0.004,,-0.1496,-0.1496,-0.1496,,,,,,,0.3336,0.2454,0.2205,0.2816,,0.2523,0.0157,0.0103,0.0137,0.0143,,0.0093
ALEXIS,5000,'Numerical',0,0,1,18,'auc_metric','alexis',18,'Binary','multilabel.classification',15569,1200.0,54491,'AutoML challenge 2014',7784,0.30742778747,,0.979886586776,0.5,0.0201134132242,0.439707678536,0.0917582720082,10.8982,400.847900391,18.8674991986,-3.0,23.8076769624,,,,,,,,,-2.38859763798,2.38859763798,8.51719319142,10.9057908294,,,0.0,2.0,5000.0,0.0,54491.0,0.0,0.0,5000.0,,,,,0.0,0.0,0.0,0.0,0.0,15.3914699554,3.36889399921,-0.288675069809,1.39583357949,,0.0,0.0,0.0,0.0,0.0,,,,0.2499,0.2304,,,,0.0104,0.0122,,0.2569,0.0,0.1506,,,0.0125,0.0,0.0115,,0.7418,0.6871,0.6522,0.6715,0.6735,0.6209,0.0094,0.0089,0.0088,0.009,0.0108,0.0081
DIONIS,60,'Numerical',0,0,0,355,'bac_metric','dionis',355,'Categorical','multiclass.classification',12000,1200.0,416188,'AutoML challenge 2014',6000,8.45042791532,,0.00593241515853,0.00281690140845,0.00210962353552,0.000509986153351,0.000144165617461,6936.46666667,369546.276036,70162.8670949,-3.0,113465.677883,,0.913364188694,0.0106059191194,0.789707818641,0.688989855153,0.261632046572,0.0110479761626,,-8.84454779801,8.84454779801,4.09434456222,12.9388923602,,,0.0,355.0,60.0,0.0,416188.0,0.0,0.0,60.0,,0.516666666667,207100.0,448.583343506,0.0,0.0,0.0,0.0,0.0,565.37322998,-35.9979418353,-586.002563477,236.400611367,,0.0,0.0,0.0,0.0,0.0,0.0131,,,,0.3382,0.0089,,,,0.0132,,,,,,,,,,,0.8865,0.0,0.3194,0.7672,0.8722,,0.0101,0.0082,0.0135,0.0133,0.0096,
GRIGORIS,301561,'Numerical',0,0,1,91,'auc_metric','grigoris',91,'Categorical','multilabel.classification',9920,1200.0,45400,'AutoML challenge 2014',6486,0.103389341237,,0.998920704846,0.5,0.00107929515419,0.484252553614,6.64231277533,0.150549971648,1113.38477664,-0.680053583031,-3.0,3.46306588212,,,,,,,,,1.89346021238,-1.89346021238,12.6167275964,10.723267384,,,0.0,2.0,301561.0,0.0,45400.0,0.0,0.0,301561.0,,,,,0.0,0.0,0.0,0.0,0.0,19.1113567352,0.425379907462,-5.36344528198,0.744705844574,,0.0,0.0,0.0,0.0,0.0,,,,0.2033,,,,,0.0225,,,0.0001,0.0,0.0,,,0.0171,0.0172,0.0187,,0.727,0.3597,0.7505,0.8072,0.8775,0.429,0.0387,0.0332,0.0347,0.0355,0.0283,0.0404
JANNIS,54,'Numerical',0,0,0,4,'bac_metric','jannis',4,'Categorical','multiclass.classification',9851,1200.0,83733,'AutoML challenge 2014',4926,1.59947041175,,0.460057563923,0.25,0.0201473731981,0.166764791138,0.000644907025904,1550.61111111,216.145121433,20.287154383,-1.58996308842,49.8177756396,,0.538115423283,0.520404208457,0.587426815899,0.634946935598,0.496649717974,0.460057567014,,-7.34640439744,7.34640439744,3.98898404656,11.335388444,,,0.0,4.0,54.0,0.0,83733.0,0.0,0.0,54.0,,0.722222222222,6.74618,1.48054850101,0.0,0.0,0.0,0.0,0.0,2.48173046112,-0.282750183018,-10.4290781021,2.76083662546,,0.0,0.0,0.0,0.0,0.0,0.2888,0.2109,0.1349,0.3252,0.2473,0.0343,0.0188,0.0153,0.0168,0.015,,0.3839,0.3487,0.3537,,,0.0314,0.0213,0.0127,,0.5157,0.3957,0.3539,0.4085,0.3647,0.4147,0.0405,0.0379,0.0217,0.0331,0.0202,0.0275
WALLIS,193731,'Numerical',0,0,1,11,'auc_metric','wallis',11,'Categorical','multiclass.classification',8196,1200.0,10000,'AutoML challenge 2014',4098,3.15642736359,,0.2134,0.0909090909091,0.0203,0.0600000220386,19.3731,0.0516179651166,1740.2276248,-0.746850948654,-3.0,12.9647450808,,0.195109933616,,,,,,,2.96388550591,-2.96388550591,12.1742258779,9.21034037198,,,0.0,11.0,193731.0,0.0,10000.0,0.0,0.0,193731.0,,,,,0.0,0.0,0.0,0.0,0.0,40.715839386,0.450459667428,-2.57090616226,1.2570464679,,0.0,0.0,0.0,0.0,0.0,,0.268,0.2129,0.3396,0.1152,,0.0221,0.0178,0.0195,0.0115,,0.2762,0.259,0.3863,,,,,,,0.3678,0.1215,0.342,0.4726,0.2204,0.3432,0.0202,0.0139,0.0161,0.0236,0.0155,0.0196
EVITA,3000,'Numerical',0,0,1,2,'auc_metric','evita',1,'Categorical','binary.classification',14000,,20000,'AutoML challenge 2014',8000,0.214794837121,,0.96585,0.5,0.03415,0.46585,0.15,6.66666666667,-3.0,-3.0,-3.0,0.0,,0.956300068363,,,,,,,-1.89711998489,1.89711998489,8.00636756765,9.90348755254,,,0.0,2.0,3000.0,0.0,20000.0,0.0,0.0,3000.0,,0.477666666667,-0.390765187879,0.0771485103502,0.0,0.0,0.0,0.0,0.0,0.0,0.0,0.0,0.0,,0.0,0.0,0.0,0.0,0.0,0.3536,0.2809,0.3241,0.2156,0.1947,0.0733,0.0607,0.0582,0.0575,0.049,,0.2023,0.2847,0.265,,,0.0558,0.0597,0.0531,,0.5901,0.542,0.4082,0.5898,0.5835,0.6123,0.0749,0.0786,0.0807,0.0813,0.0742,0.0737
FLORA,200000,'Numerical',0,0,1,0,'a_metric','flora',1,'Numerical','regression',2000,1200.0,15000,'AutoML challenge 2014',2000,13.8047199928,,0.0002,6.89845474614e-05,6.66666666667e-05,1.25837496239e-05,13.3333333333,0.075,,,,,,,,,,,,,2.59026716545,-2.59026716545,12.2060726455,9.61580548008,,,0.0,14496.0,200000.0,0.0,15000.0,0.0,0.0,200000.0,,,,,0.0,0.0,0.0,0.0,0.0,,,,,,0.0,0.0,0.0,0.0,0.0,,0.2888,0.4331,,0.3374,,0.0548,0.0362,,0.0283,,,,,,,,,,,0.4803,0.1772,0.3251,0.4906,0.4152,0.2527,0.0337,0.024,0.0446,0.0335,0.035,0.0355
HELENA,27,'Numerical',0,0,0,100,'bac_metric','helena',100,'Categorical','multiclass.classification',18628,1200.0,65196,'AutoML challenge 2014',9314,5.97766831244,,0.0614301490889,0.01,0.00170255843917,0.0113066623127,0.000414135836554,2414.66666667,266.311229365,39.4618819749,-1.5982520772,80.9608365862,,0.25572011662,0.101402350976,0.219853024411,0.299600472754,0.232508200757,0.0985799375845,,-7.78931653034,7.78931653034,3.295836866,11.0851533963,,,0.0,100.0,27.0,0.0,65196.0,0.0,0.0,27.0,,0.481481481481,7.71742,1.51406884193,0.0,0.0,0.0,0.0,0.0,2.51007819176,-0.77407155549,-11.4979047775,3.71519283278,,0.0,0.0,0.0,0.0,0.0,0.1436,0.0804,0.082,0.1492,0.0554,0.0125,0.0092,0.0093,0.0118,0.0071,,0.1212,0.1458,0.0,,,0.0097,0.0108,0.0061,,0.2335,0.1875,0.0752,0.1497,0.201,0.2583,0.0127,0.0125,0.0075,0.0118,0.0123,0.0153
TANIA,47236,'Numerical',0,0,1,95,'pac_metric','tania',95,'Binary','multilabel.classification',44635,1200.0,157599,'AutoML challenge 2014',22514,0.164897459928,,0.999524108656,0.5,0.000475891344488,0.465833472761,0.299722713977,3.33641713947,102.55770339,1.03769586962,-3.0,4.28653975763,,,,,,,,,-1.20489751849,1.20489751849,10.7629115927,11.9678091112,,,0.0,2.0,47236.0,0.0,157599.0,0.0,0.0,47236.0,,,,,0.0,0.0,0.0,0.0,0.0,7.29582023621,0.876540476388,-5.9874253273,0.970729230299,,0.0,0.0,0.0,0.0,0.0,,,,,,,,,,,,-3.5189,-3.2074,-3.2074,,,0.0123,0.0078,,,0.3881,0.2196,0.5406,0.4026,0.5986,0.4098,0.003,0.005,0.0065,0.0042,0.0077,0.0038
YOLANDA,100,'Numerical',0,0,0,0,'r2_metric','yolanda',1,'Numerical','regression',30000,1200.0,400000,'AutoML challenge 2014',30000,4.9650772049,,0.0762225,0.0112359550562,2.5e-06,0.0188370468732,0.00025,4000.0,113.266759769,24.2945759574,0.555368683071,21.1304909869,,0.137307437509,0.0765975733972,0.0689574995402,,0.0245726247874,0.0762225270017,,-8.2940496401,8.2940496401,4.60517018599,12.8992198261,,,0.0,89.0,100.0,0.0,400000.0,0.0,0.0,100.0,,0.75,14.9471,-2.35304760933,0.0,0.0,0.0,0.0,0.0,4.722615242,0.414054361004,-4.23722028732,1.69112668195,,0.0,0.0,0.0,0.0,0.0,0.2421,-0.4515,,0.2379,0.2421,0.0118,0.0632,,0.0176,0.012,,-0.0,-0.0,-0.0,-0.0,,,,,,0.3151,0.2283,0.2594,0.2653,0.2385,0.1986,0.0124,0.011,0.0155,0.0088,0.0099,0.0054
ARTURO,400,'Numerical',0,0,0,20,'f1_metric','arturo',20,'Categorical','multiclass.classification',2733,1200.0,9565,'AutoML challenge 2014',1366,4.32107297074,,0.052064819655,0.05,0.0455828541558,0.00171371562653,0.041819132253,23.9125,297.992117778,29.6169650167,1.18344993891,28.0160189584,,0.395743606263,0.08552629912,0.364016299474,0.701923868589,0.616130636183,0.0659655053894,,-3.17440133477,3.17440133477,5.99146454711,9.16586588187,,,0.0,20.0,400.0,0.0,9565.0,0.0,0.0,400.0,,0.9,0.112378,0.355292618275,0.0,0.0,0.0,0.0,0.0,16.55651474,4.81634864897,1.51675188541,1.7115958173,,0.0,0.0,0.0,0.0,0.0,0.3481,0.3165,0.4193,0.4788,0.6083,0.0272,0.0333,0.0341,0.0293,0.0323,,0.5878,0.6819,0.7738,,,0.0331,0.0277,0.0214,,0.796,0.6766,0.7283,0.7432,0.7154,0.752,0.0237,0.0301,0.0301,0.0279,0.0269,0.027
CARLO,1070,'Numerical',0,0,0,2,'pac_metric','carlo',1,'Binary','binary.classification',10000,1200.0,50000,'AutoML challenge 2014',10000,0.0969446060625,,0.9875,0.5,0.0125,0.4875,0.0214,46.7289719626,,,,,,,,,,,,,-3.84436435695,3.84436435695,6.97541392746,10.8197782844,,,0.0,2.0,1070.0,0.0,50000.0,0.0,0.0,1070.0,,,,,0.0,0.0,0.0,0.0,0.0,,,,,,0.0,0.0,0.0,0.0,0.0,-13.7346,-6.7029,-4.7128,-4.0225,-3.9472,4.6229,1.562,0.4682,0.8226,0.5961,,-4.3914,-4.3914,-4.0225,,,0.0411,0.0765,0.6708,,0.4083,-0.0291,0.1445,0.3905,0.1435,0.3985,0.0927,0.4214,0.1609,0.0959,0.3895,0.1056
MARCO,15299,'Numerical',0,0,1,24,'auc_metric','marco',24,'Categorical','multilabel.classification',20482,1200.0,163860,'AutoML challenge 2014',20482,0.16067959123,,0.996283412669,0.5,0.00371658733065,0.465937131291,0.0933662882949,10.7105039545,3085.0013485,26.3395056819,-3.0,72.3811736904,,,,,,,,,-2.37122493793,2.37122493793,9.63554274577,12.0067676837,,,0.0,2.0,15299.0,0.0,163860.0,0.0,0.0,15299.0,,,,,0.0,0.0,0.0,0.0,0.0,55.5607910156,3.70198356499,-12.0002794266,3.11554739421,,0.0,0.0,0.0,0.0,0.0,,,,,,,,,,,,0.0126,0.0,0.0,,,0.0246,0.0,0.0,,0.5436,0.4282,0.311,0.6865,0.5384,0.3242,0.0304,0.0312,0.0393,0.0237,0.0324,0.0308
PABLO,120,'Numerical',0,0,0,0,'a_metric','pablo',1,'Numerical','regression',23565,1200.0,188524,'AutoML challenge 2014',23565,16.9912293845,,4.24349154484e-05,6.98855972773e-06,5.30436443105e-06,3.39477697435e-06,0.000636523731726,1571.03333333,,,,,,,,,,,,,-7.35948885594,7.35948885594,4.78749174278,12.1469805987,,,0.0,143091.0,120.0,0.0,188524.0,0.0,0.0,120.0,,,,,0.0,0.0,0.0,0.0,0.0,,,,,,0.0,0.0,0.0,0.0,0.0,0.2518,-0.019,,0.2508,0.2518,0.0092,0.0204,,0.0098,0.0102,,0.2675,0.1333,0.2854,,,0.0111,0.0077,0.0102,,0.2957,0.2906,0.2781,0.3067,0.2864,0.1522,0.011,0.0096,0.0086,0.0105,0.0081,0.0044
WALDO,270,'Mixed',1,0,0,4,'bac_metric','waldo',4,'Categorical','multiclass.classification',2430,1200.0,19439,'AutoML challenge 2014',2430,1.99998433084,,0.251916250836,0.25,0.24903544421,0.00116593832798,0.0138896033747,71.9962962963,19367.7282603,556.361928214,-1.90489477178,2704.55827065,,0.371003559132,0.475847660485,0.534441677696,0.564483239356,0.449507929084,0.250732806023,,-4.27661467736,4.27661467736,5.598421959,9.87503663636,,,3.0,4.0,270.0,0.0,19439.0,0.0,0.0,267.0,,0.601449275362,-0.74642,0.633174717426,0.0,0.0,0.0,0.0112359550562,89.0,139.065155029,4.6432198808,-138.591491699,21.6559232426,,3.0,3.0,3.0,0.0,9.0,0.0217,0.3093,0.0316,0.4934,0.4094,0.0169,0.0366,0.0378,0.0357,0.0373,,0.4305,0.4447,0.5506,,,,,,,0.5738,0.5372,0.5537,0.5517,0.5517,0.5645,0.0346,0.037,0.0358,0.0379,0.038,0.0345
